edges,probability
5,1.0
10,1.0234741784037558
15,1.0155642023346303
20,1.0069204152249136
