edges,probability
5,1.0
10,1.727699530516432
15,2.1642023346303505
20,2.5598615916955008
