edges,probability
1,1.0
6,1.033003300330033
11,1.02200488997555
16,1.0144628099173554
21,1.0073394495412844
26,1.0
