edges,probability
1,2.0
6,1.7410749834107484
11,1.5559414537335647
16,1.4083127572016434
21,1.3302156969367434
26,1.3012000000000066
