edges,probability
1,2.0
6,1.757095709570957
11,1.542298288508557
16,1.4297520661157022
21,1.337247706422019
26,1.3000000000000007
