edges,probability
1,2.9240000000000004
6,1.8257425742574256
11,1.4933985330073345
16,1.3342975206611567
21,1.2370642201834863
26,1.158
