edges,probability
1,2.989400000000002
6,1.8236894492368967
11,1.5215579260729315
16,1.3394650205761354
21,1.220300888163867
26,1.1546333333333387
