edges,probability
5,1.0
10,1.6413145539906104
15,1.7727626459143968
20,1.811764705882353
