edges,probability
1,1.0
6,1.019907100199071
11,1.027288514016373
16,1.0150205761316873
21,1.00326264274062
26,1.0
